{
    "tag group #376": {
      "dayTimes": [],
      "values": [],
      "threshold": [],
      "event": []
    },
    "tag group #97": {
      "dayTimes": [
        1689681024000,
        1689682389000
      ],
      "values": [
        0.05608598221334606,
        0.05326464844604038
      ],
      "threshold": [
        0.05316763447597623,
        0.05316763447597623
      ],
      "event": [
        true,
        true
      ]
    }
  }